{
	"bmi-installation" : null,
	"compiler-frontend-variant" : "GNU",
	"compiler-id" : "GNU",
	"compiler-simulate-id" : "",
	"config" : "Debug",
	"cxx-modules" : {},
	"database-info" : null,
	"dir-cur-bld" : "C:/WZORCE_PROJEKTOWE_C++_JAVA/testwz/cmake-build-debug",
	"dir-cur-src" : "C:/WZORCE_PROJEKTOWE_C++_JAVA/testwz",
	"dir-top-bld" : "C:/WZORCE_PROJEKTOWE_C++_JAVA/testwz/cmake-build-debug",
	"dir-top-src" : "C:/WZORCE_PROJEKTOWE_C++_JAVA/testwz",
	"exports" : [],
	"forward-modules-from-target-dirs" : [],
	"include-dirs" : [],
	"language" : "CXX",
	"linked-target-dirs" : [],
	"module-dir" : "C:/WZORCE_PROJEKTOWE_C++_JAVA/testwz/cmake-build-debug/CMakeFiles/testwz.dir",
	"sources" : 
	{
		"CMakeFiles/testwz.dir/lannister_factory.cpp.obj" : 
		{
			"language" : "CXX",
			"source" : "C:/WZORCE_PROJEKTOWE_C++_JAVA/testwz/lannister_factory.cpp"
		},
		"CMakeFiles/testwz.dir/lannister_mage.cpp.obj" : 
		{
			"language" : "CXX",
			"source" : "C:/WZORCE_PROJEKTOWE_C++_JAVA/testwz/lannister_mage.cpp"
		},
		"CMakeFiles/testwz.dir/lannister_warrior.cpp.obj" : 
		{
			"language" : "CXX",
			"source" : "C:/WZORCE_PROJEKTOWE_C++_JAVA/testwz/lannister_warrior.cpp"
		},
		"CMakeFiles/testwz.dir/main.cpp.obj" : 
		{
			"language" : "CXX",
			"source" : "C:/WZORCE_PROJEKTOWE_C++_JAVA/testwz/main.cpp"
		},
		"CMakeFiles/testwz.dir/stark_factory.cpp.obj" : 
		{
			"language" : "CXX",
			"source" : "C:/WZORCE_PROJEKTOWE_C++_JAVA/testwz/stark_factory.cpp"
		},
		"CMakeFiles/testwz.dir/stark_mage.cpp.obj" : 
		{
			"language" : "CXX",
			"source" : "C:/WZORCE_PROJEKTOWE_C++_JAVA/testwz/stark_mage.cpp"
		},
		"CMakeFiles/testwz.dir/stark_warrior.cpp.obj" : 
		{
			"language" : "CXX",
			"source" : "C:/WZORCE_PROJEKTOWE_C++_JAVA/testwz/stark_warrior.cpp"
		}
	}
}